date,app_booking hour,Surge factor
20240214,06:00:00,1.420184069
20240214,07:00:00,1.409551786
20240214,08:00:00,1.4032835
20240214,09:00:00,1.367394021
20240214,10:00:00,1.375195798
20240214,11:00:00,1.359905702
20240214,12:01:00,1.392312608
20240214,13:00:00,1.413469817
20240214,14:00:00,1.409551786
20240214,15:00:00,1.406154916
20240214,16:00:00,1.365672239
20240214,17:00:00,1.340947238
20240214,18:00:00,1.383643359
20240214,19:00:00,1.27569898
20240214,20:00:00,1.496713101
20240214,21:00:00,1.344743276
20240214,22:00:00,1.545655579
20240214,23:00:00,1.554869621
20240215,00:00:00,1.414949246
20240215,06:00:00,1.431487491
20240215,07:00:00,1.405141436
20240215,08:00:00,1.394490689
20240215,09:01:00,1.385465169
20240215,10:00:00,1.528001516
20240215,11:00:00,1.433241732
20240215,12:00:00,1.437979721
20240215,13:00:00,1.437386396
20240215,14:00:00,1.4344834
20240215,15:00:00,1.459966529
20240215,16:00:00,1.358803459
20240215,17:00:00,1.298182924
20240215,18:00:00,1.242347213
20240215,19:00:00,1.375716707
20240215,20:00:00,1.368082209
20240215,21:00:00,1.366816376
20240215,22:00:00,1.393131538
20240215,23:00:00,1.386400075
20240216,00:00:00,1.451334619
20240216,06:00:00,1.436388509
20240216,07:00:00,1.402904838
20240216,08:00:00,1.342219754
20240216,09:00:00,1.366276302
20240216,10:00:00,1.404360659
20240216,11:00:00,1.408483603
20240216,12:00:00,1.438561907
20240216,13:00:00,1.399626766
20240216,14:00:00,1.428188878
20240216,15:00:00,1.441549822
20240216,16:00:00,1.279129604
20240216,17:00:00,1.253350721
20240216,18:00:00,1.417779528
20240216,19:00:00,1.435388998
20240216,20:00:00,1.55273281
20240216,21:01:00,1.475911402
20240216,22:00:00,1.459789436
20240216,23:00:00,1.4336999
20240217,00:00:00,1.408450704
20240217,06:00:00,1.446060088
20240217,07:00:00,1.475462418
20240217,08:01:00,1.462498678
20240217,09:00:00,1.463275666
20240217,10:00:00,1.486789758
20240217,11:00:00,1.486988848
20240217,12:00:00,1.487053884
20240217,13:00:00,1.452642448
20240217,14:00:00,1.487786476
20240217,15:00:00,1.516004881
20240217,16:00:00,1.481907458
20240217,17:00:00,1.415253522
20240217,18:00:00,1.4637178
20240217,19:00:00,1.25439976
20240217,20:00:00,1.440882769
20240217,21:00:00,1.351232973
20240217,22:00:00,1.433401941
20240217,23:00:00,1.472471191
20240218,00:00:00,1.623209317
20240218,06:00:00,1.466549489
20240218,07:00:00,1.47141413
20240218,08:00:00,1.466364741
20240218,09:00:00,1.456046941
20240218,10:00:00,1.480495491
20240218,11:00:00,1.45964054
20240218,12:00:00,1.460685797
20240218,13:00:00,1.46365221
20240218,14:00:00,1.468778837
20240218,15:00:00,1.509406087
20240218,16:00:00,1.492466597
20240218,17:00:00,1.469069746
20240218,18:00:00,1.453136895
20240218,19:00:00,1.459673429
20240218,20:00:00,1.435224576
20240218,21:00:00,1.603152568
20240218,22:00:00,1.571662021
20240218,23:00:00,1.52466593
20240219,00:00:00,1.446060088
20240219,06:00:00,1.441650005
20240219,07:00:00,1.400534414
20240219,08:00:00,1.406434609
20240219,09:00:00,1.36346569
20240219,10:00:00,1.450064337
20240219,11:00:00,1.419787853
20240219,12:00:00,1.405844468
20240219,13:00:00,1.44456663
20240219,14:00:00,1.422293055
20240219,15:00:00,1.46185042
20240219,16:00:00,1.4148483
20240219,17:00:00,1.373648704
20240219,18:00:00,1.373791665
20240219,19:00:00,1.384283488
20240219,20:00:00,1.389909645
20240219,21:00:00,1.364183496
20240219,22:00:00,1.425202502
20240219,23:00:00,1.43996685
20240220,00:00:00,1.412250079
20240220,06:00:00,1.422240544
20240220,07:00:00,1.407182792
20240220,08:00:00,1.390199949
20240220,09:00:00,1.362898402
20240220,10:00:00,1.381977744
20240220,11:00:00,1.425290462
20240220,12:00:00,1.396019094
20240220,13:00:00,1.405451448
20240220,14:00:00,1.420533805
20240220,15:00:00,1.452735874
20240220,16:00:00,1.388326722
20240220,17:00:00,1.287060446
20240220,18:00:00,1.263074083
20240220,19:00:00,1.340625119
20240220,20:00:00,1.323290749
20240220,21:01:00,1.414748234
20240220,22:01:00,1.413053927
20240220,23:00:00,1.455274393
20240221,00:00:00,1.440714209
20240214,06:04:00,1.601629663
20240214,07:00:00,1.233935298
20240214,08:00:00,1.261319534
20240214,09:00:00,1.331988593
20240214,10:00:00,1.368269444
20240214,11:00:00,1.237291923
20240214,12:00:00,1.416741776
20240214,13:02:00,1.572579239
20240214,14:01:00,1.426130618
20240214,15:00:00,1.409783968
20240214,16:00:00,1.304923892
20240214,17:00:00,1.250192535
20240214,18:00:00,1.206206966
20240214,19:00:00,1.183068199
20240214,20:00:00,1.220055564
20240214,21:00:00,1.361945256
20240214,22:00:00,1.440807142
20240214,23:00:00,1.426776077
20240215,00:00:00,1.454320415
20240215,06:00:00,1.438345808
20240215,07:36:00,1.281110749
20240215,08:00:00,1.300404327
20240215,09:00:00,1.221783914
20240215,10:00:00,1.533582865
20240215,11:00:00,1.267365001
20240215,12:00:00,1.439102926
20240215,13:00:00,1.367535651
20240215,14:00:00,1.274367018
20240215,15:01:00,1.487829849
20240215,16:00:00,1.279863481
20240215,17:00:00,1.203312344
20240215,18:00:00,1.183505359
20240215,19:00:00,1.344632415
20240215,20:00:00,1.422255732
20240215,21:00:00,1.413433431
20240215,22:00:00,1.481531822
20240215,23:00:00,1.453509472
20240216,00:00:00,1.478125902
20240216,06:00:00,1.451392578
20240216,07:00:00,1.457022719
20240216,08:00:00,1.475586899
20240216,09:01:00,1.382952848
20240216,10:00:00,1.562348688
20240216,11:00:00,1.462402265
20240216,12:00:00,1.537894095
20240216,13:00:00,1.454661287
20240216,14:00:00,1.489584355
20240216,15:22:00,1.457711921
20240216,16:00:00,1.430189748
20240216,17:00:00,1.334157978
20240216,18:00:00,1.288803066
20240216,19:00:00,1.356027308
20240216,20:00:00,1.407344374
20240216,21:00:00,1.398791336
20240216,22:00:00,1.460251634
20240216,23:01:00,1.431412943
20240217,00:00:00,1.47415952
20240217,06:00:00,1.490047815
20240217,07:00:00,1.446168239
20240217,08:00:00,1.469791908
20240217,09:00:00,1.46870528
20240217,10:00:00,1.482220744
20240217,11:00:00,1.500694597
20240217,12:00:00,1.52118865
20240217,13:00:00,1.552739283
20240217,14:00:00,1.488116608
20240217,15:00:00,1.522303091
20240217,16:00:00,1.48344462
20240217,17:00:00,1.490227447
20240217,18:00:00,1.489084616
20240217,19:00:00,1.442477252
20240217,20:00:00,1.456346566
20240217,21:00:00,1.444849929
20240217,22:00:00,1.465331049
20240217,23:00:00,1.515779167
20240218,00:00:00,1.508603756
20240218,06:00:00,1.447709594
20240218,07:00:00,1.440171285
20240218,08:00:00,1.490705721
20240218,09:00:00,1.465114437
20240218,10:00:00,1.479056559
20240218,11:00:00,1.463990098
20240218,12:00:00,1.665119517
20240218,13:00:00,1.658703861
20240218,14:00:00,1.496854857
20240218,15:00:00,1.517271857
20240218,16:00:00,1.497017014
20240218,17:00:00,1.51374097
20240218,18:00:00,1.549911485
20240218,19:00:00,1.484127569
20240218,20:00:00,1.530040825
20240218,21:04:00,1.460878804
20240218,22:00:00,1.470698582
20240218,23:00:00,1.489255946
20240219,00:00:00,1.4571949
20240219,06:29:00,1.451297348
20240219,07:00:00,1.444174374
20240219,08:00:00,1.482448602
20240219,09:00:00,1.379057847
20240219,10:00:00,1.458240515
20240219,11:00:00,1.451297348
20240219,12:00:00,1.270688395
20240219,13:00:00,1.481953928
20240219,14:00:00,1.430424443
20240219,15:00:00,1.448314371
20240219,16:24:00,1.467950533
20240219,17:00:00,1.432843259
20240219,18:00:00,1.327277017
20240219,19:00:00,1.429747617
20240219,20:00:00,1.449178353
20240219,21:00:00,1.433430515
20240219,22:00:00,1.471942888
20240219,23:00:00,1.465791722
20240220,00:00:00,1.464975749
20240220,06:00:00,1.489121896
20240220,07:00:00,1.475893221
20240220,09:00:00,1.363827109
20240220,10:00:00,1.482278126
20240220,11:00:00,1.524905191
20240220,12:00:00,1.46712289
20240220,13:00:00,1.464827677
20240220,14:00:00,1.456526954
20240220,15:00:00,1.499396982
20240220,16:00:00,1.496199365
20240220,17:00:00,1.386180203
20240220,18:00:00,1.370399374
20240220,19:00:00,1.435918089
20240220,20:00:00,1.435625756
20240220,21:39:00,1.42474868
20240220,22:00:00,1.420558024
20240220,23:00:00,1.419993202
20240221,00:00:00,1.455215015
20240214,06:00:00,1.271269956
20240214,07:00:00,1.259789934
20240214,08:00:00,1.281229981
20240214,09:07:00,1.199699352
20240214,10:00:00,1.295923503
20240214,11:00:00,1.324483054
20240214,12:00:00,1.433627257
20240214,13:00:00,1.535327739
20240214,14:13:00,1.517500447
20240214,15:00:00,1.436666476
20240214,16:00:00,1.547907299
20240214,17:00:00,1.518397515
20240214,18:00:00,1.50296359
20240214,19:00:00,1.538793802
20240214,20:00:00,1.533597305
20240214,21:21:00,1.304404398
20240214,22:01:00,1.285122362
20240214,23:00:00,1.356899311
20240215,00:00:00,1.380578185
20240215,06:01:00,1.293301028
20240215,07:00:00,1.288513641
20240215,08:00:00,1.296953383
20240215,09:00:00,1.286277552
20240215,10:00:00,1.326183289
20240215,11:00:00,1.356007913
20240215,12:00:00,1.355792933
20240215,13:00:00,1.350417687
20240215,14:00:00,1.348371243
20240215,15:00:00,1.351521643
20240215,16:00:00,1.365218985
20240215,17:00:00,1.501093316
20240215,18:00:00,1.517092773
20240215,19:00:00,1.406070847
20240215,20:00:00,1.320668792
20240215,21:00:00,1.306397747
20240215,22:00:00,1.311276982
20240215,23:00:00,1.349940853
20240216,00:00:00,1.345513774
20240216,06:00:00,1.328088225
20240216,07:00:00,1.296785692
20240216,08:00:00,1.33902768
20240216,09:00:00,1.316549997
20240216,10:00:00,1.337987202
20240216,11:00:00,1.390703752
20240216,12:00:00,1.351020158
20240216,13:00:00,1.3388164
20240216,14:00:00,1.443594051
20240216,15:00:00,1.457365277
20240216,16:00:00,1.57096737
20240216,17:00:00,1.607152962
20240216,18:00:00,1.591270743
20240216,19:00:00,1.590689204
20240216,20:00:00,1.324101844
20240216,21:00:00,1.312132377
20240216,22:00:00,1.353592993
20240216,23:13:00,1.390932661
20240217,00:00:00,1.402206041
20240217,06:00:00,1.284887125
20240217,07:00:00,1.400042641
20240217,08:00:00,1.381253914
20240217,09:00:00,1.393906346
20240217,10:00:00,1.445728086
20240217,11:00:00,1.389527626
20240217,12:00:00,1.37756085
20240217,13:07:00,1.370424044
20240217,14:01:00,1.428049449
20240217,15:00:00,1.610742342
20240217,16:01:00,1.625591543
20240217,17:00:00,1.613098481
20240217,18:01:00,1.651525179
20240217,19:02:00,1.657940663
20240217,20:02:00,1.311752551
20240217,21:04:00,1.355954846
20240217,22:01:00,1.380843325
20240217,23:02:00,1.401443487
20240218,00:00:00,1.427438541
20240218,06:00:00,1.433059759
20240218,07:00:00,1.397939878
20240218,08:00:00,1.397939878
20240218,09:00:00,1.356417422
20240218,10:13:00,1.31764555
20240218,11:01:00,1.351961797
20240218,12:06:00,1.390248678
20240218,13:00:00,1.35254152
20240218,14:00:00,1.402289978
20240218,15:00:00,1.412501598
20240218,16:01:00,1.446631044
20240218,17:09:00,1.428934333
20240218,18:00:00,1.408450704
20240218,19:00:00,1.352451318
20240218,20:04:00,1.350275363
20240218,21:00:00,1.354004468
20240218,22:00:00,1.359825506
20240218,23:00:00,1.394436269
20240219,00:00:00,1.362903791
20240219,06:01:00,1.319217153
20240219,07:01:00,1.299858644
20240219,08:02:00,1.274491155
20240219,09:02:00,1.318596083
20240219,10:01:00,1.358784624
20240219,11:09:00,1.3578538
20240219,12:00:00,1.246152918
20240219,13:00:00,1.346691822
20240219,14:00:00,1.293181956
20240219,15:00:00,1.352817306
20240219,16:04:00,1.347147035
20240219,17:02:00,1.306499306
20240219,18:00:00,1.292877526
20240219,19:00:00,1.342070443
20240219,20:00:00,1.321600422
20240219,21:00:00,1.222699272
20240219,22:00:00,1.350977818
20240219,23:00:00,1.403596049
20240220,00:00:00,1.318928498
20240220,06:00:00,1.328088225
20240220,07:00:00,1.297119542
20240220,08:00:00,1.215102839
20240220,09:00:00,1.327292451
20240220,10:00:00,1.33902768
20240220,11:00:00,1.35919852
20240220,12:00:00,1.326318442
20240220,13:00:00,1.3388164
20240220,14:00:00,1.409087971
20240220,15:05:00,1.347147035
20240220,16:02:00,1.318296355
20240220,17:03:00,1.320953664
20240220,18:04:00,1.35143145
20240220,19:01:00,1.270539368
20240220,20:00:00,1.312946107
20240220,21:00:00,1.323734324
20240220,22:01:00,1.347522631
20240220,23:00:00,1.361936349
20240221,00:00:00,1.356381075
20240214,06:00:00,1.343349051
20240214,07:00:00,1.30905808
20240214,08:00:00,1.597416943
20240214,09:04:00,1.380265546
20240214,11:05:00,1.429431237
20240214,12:00:00,1.327729487
20240214,13:00:00,1.385872376
20240214,14:00:00,1.387196551
20240214,15:00:00,1.713250998
20240214,16:00:00,1.650191327
20240214,17:00:00,1.636776568
20240214,18:00:00,1.666170783
20240214,19:00:00,1.711042143
20240214,20:00:00,1.648852432
20240214,21:00:00,1.618196736
20240214,22:00:00,1.54017631
20240214,23:00:00,1.548696695
20240215,00:00:00,1.384689805
20240215,06:00:00,1.371390345
20240215,07:00:00,1.542246192
20240215,08:00:00,1.416862848
20240215,09:00:00,1.572739187
20240215,10:00:00,1.367919749
20240215,11:00:00,1.416899369
20240215,12:00:00,1.391269281
20240215,13:00:00,1.373598107
20240215,14:00:00,1.466544455
20240215,15:00:00,1.449275362
20240215,16:00:00,1.69499269
20240215,17:00:00,1.651919799
20240215,18:00:00,1.703632273
20240215,19:00:00,1.648087256
20240215,20:00:00,1.697598733
20240215,21:00:00,1.425224522
20240215,22:00:00,1.605238146
20240215,23:00:00,1.436151805
20240216,00:00:00,1.438364549
20240216,06:00:00,1.398128312
20240216,07:00:00,1.327202424
20240216,08:00:00,1.514996417
20240216,09:00:00,1.334215459
20240216,10:00:00,1.344503051
20240216,11:16:00,1.395130108
20240216,12:00:00,1.354198014
20240216,13:04:00,1.366065128
20240216,14:00:00,1.655629139
20240216,15:07:00,1.730927741
20240216,16:00:00,1.70936275
20240216,17:00:00,1.643520421
20240216,18:00:00,1.705281918
20240216,19:00:00,1.354963249
20240216,20:00:00,1.652497851
20240216,21:00:00,1.651165221
20240216,22:00:00,1.622371651
20240216,23:00:00,1.593339949
20240217,00:00:00,1.561943224
20240217,06:00:00,1.4140723
20240217,07:00:00,1.402829846
20240217,08:00:00,1.457760784
20240217,09:00:00,1.403765926
20240217,10:00:00,1.40483889
20240217,11:00:00,1.578836202
20240217,12:00:00,1.612438814
20240217,13:00:00,1.585000935
20240217,14:00:00,1.657406535
20240217,15:00:00,1.507746219
20240217,16:00:00,1.549576956
20240217,17:00:00,1.773082651
20240217,18:00:00,1.671747468
20240217,19:00:00,1.734768523
20240217,20:00:00,1.477560922
20240217,21:00:00,1.422428052
20240217,22:00:00,1.51303788
20240217,23:00:00,1.54109589
20240218,00:00:00,1.531138892
20240218,06:00:00,1.3509006
20240218,07:00:00,1.406231766
20240218,08:00:00,1.439837496
20240218,09:00:00,1.362505654
20240218,10:00:00,1.386853084
20240218,11:00:00,1.35238303
20240218,12:00:00,1.537790381
20240218,13:00:00,1.374195659
20240218,14:00:00,1.401461446
20240218,15:00:00,1.413313195
20240218,16:00:00,1.378181434
20240218,17:00:00,1.461021061
20240218,18:00:00,1.36422911
20240218,19:00:00,1.375530044
20240218,20:00:00,1.369004076
20240218,21:00:00,1.342878044
20240218,22:00:00,1.369940241
20240218,23:00:00,1.396783166
20240219,00:00:00,1.424269043
20240219,06:00:00,1.25075045
20240219,07:00:00,1.349182466
20240219,08:00:00,1.637234892
20240219,09:00:00,1.369004076
20240219,10:00:00,1.40558052
20240219,11:00:00,1.337397974
20240219,12:00:00,1.312189685
20240219,13:00:00,1.391735894
20240219,14:00:00,1.363778869
20240219,15:00:00,1.40131773
20240219,16:00:00,1.519711104
20240219,17:00:00,1.427445486
20240219,18:00:00,1.57652195
20240219,19:00:00,1.711382476
20240219,20:00:00,1.410805727
20240219,21:00:00,1.402524544
20240219,22:00:00,1.386853084
20240219,23:00:00,1.399220687
20240220,00:00:00,1.430543356
20240220,06:00:00,1.38253986
20240220,07:00:00,1.335783097
20240220,08:00:00,1.549017997
20240220,09:00:00,1.445478363
20240220,10:00:00,1.381398429
20240220,11:00:00,1.278866501
20240220,12:00:00,1.388185226
20240220,13:00:00,1.381922408
20240220,14:00:00,1.394322399
20240220,15:00:00,1.471283944
20240220,16:00:00,1.479263091
20240220,17:00:00,1.5587427
20240220,18:00:00,1.54564236
20240220,19:00:00,1.557560336
20240220,20:00:00,1.51824682
20240220,21:00:00,1.420424543
20240220,22:00:00,1.388114617
20240220,23:00:00,1.394561793
20240221,00:00:00,1.401640348
20240214,06:00:00,1.387755102
20240214,07:00:00,1.329341317
20240214,08:00:00,1.337142857
20240214,09:00:00,1.278787879
20240214,10:00:00,1.317365269
20240214,11:00:00,1.372972973
20240214,12:00:00,1.336898396
20240214,13:00:00,1.36
20240214,14:00:00,1.284153005
20240214,15:00:00,1.315508021
20240214,16:00:00,1.30964467
20240214,17:00:00,1.261083744
20240214,18:00:00,1.279187817
20240214,19:00:00,1.291891892
20240214,20:00:00,1.262857143
20240214,21:00:00,1.289940828
20240214,22:00:00,1.369127517
20240214,23:00:00,1.367741935
20240215,00:00:00,1.394557823
20240215,06:00:00,1.298136646
20240215,07:00:00,1.231638418
20240215,08:00:00,1.302857143
20240215,09:00:00,1.282208589
20240215,10:00:00,1.372670807
20240215,11:00:00,1.458100559
20240215,12:00:00,1.397905759
20240215,13:00:00,1.389830508
20240215,14:00:00,1.414201183
20240215,15:00:00,1.356020942
20240215,16:00:00,1.360406091
20240215,17:00:00,1.326203209
20240215,18:00:00,1.313513514
20240215,19:00:00,1.333333333
20240215,20:00:00,1.315151515
20240215,21:00:00,1.35483871
20240215,22:00:00,1.370860927
20240215,23:00:00,1.364779874
20240216,00:00:00,1.394557823
20240216,06:00:00,1.38410596
20240216,07:00:00,1.397350993
20240216,08:00:00,1.34591195
20240216,09:00:00,1.301886792
20240216,10:00:00,1.347826087
20240216,11:00:00,1.423280423
20240216,12:00:00,1.392265193
20240216,13:00:00,1.360946746
20240216,14:00:00,1.327683616
20240216,15:00:00,1.312169312
20240216,16:00:00,1.342541436
20240216,17:00:00,1.307692308
20240216,18:00:00,1.333333333
20240216,19:00:00,1.331428571
20240216,20:00:00,1.347826087
20240216,21:00:00,1.374193548
20240216,22:00:00,1.413793103
20240216,23:00:00,1.394904459
20240217,00:00:00,1.369127517
20240217,06:00:00,1.394557823
20240217,07:00:00,1.369127517
20240217,08:00:00,1.377483444
20240217,09:00:00,1.314465409
20240217,10:00:00,1.333333333
20240217,11:00:00,1.459627329
20240217,12:00:00,1.35828877
20240217,13:00:00,1.363636364
20240217,14:00:00,1.315789474
20240217,15:00:00,1.325714286
20240217,16:00:00,1.351955307
20240217,17:00:00,1.365714286
20240217,18:00:00,1.333333333
20240217,19:00:00,1.353293413
20240217,20:00:00,1.305389222
20240217,21:00:00,1.320754717
20240217,22:00:00,1.375838926
20240217,23:00:00,1.374193548
20240218,00:00:00,1.393103448
20240218,06:00:00,1.41958042
20240218,07:00:00,1.431654676
20240218,08:00:00,1.4
20240218,09:00:00,1.326797386
20240218,10:00:00,1.361290323
20240218,11:00:00,1.363057325
20240218,12:00:00,1.348387097
20240218,13:14:00,1.405228758
20240218,14:00:00,1.392156863
20240218,15:00:00,1.350318471
20240218,16:00:00,1.387096774
20240218,17:00:00,1.333333333
20240218,18:00:00,1.295857988
20240218,19:02:00,1.343558282
20240218,20:00:00,1.310559006
20240218,21:00:00,1.35483871
20240218,22:00:00,1.367346939
20240218,23:00:00,1.350993377
20240219,00:00:00,1.377622378
20240219,06:00:00,1.33557047
20240219,07:00:00,1.243093923
20240219,08:00:00,1.268156425
20240219,09:00:00,1.301886792
20240219,10:00:00,1.311377246
20240219,11:00:00,1.382513661
20240219,12:00:00,1.386740331
20240219,13:00:00,1.350877193
20240219,14:00:00,1.32
20240219,15:00:00,1.148325359
20240219,16:00:00,1.377142857
20240219,17:00:00,1.322404372
20240219,18:00:00,1.367231638
20240219,19:00:00,1.337278107
20240219,20:00:00,1.325153374
20240219,21:00:00,1.359477124
20240219,22:00:00,1.360544218
20240219,23:00:00,1.359477124
20240220,00:00:00,1.353741497
20240220,06:00:00,1.346405229
20240220,07:00:00,1.337423313
20240220,08:00:00,1.365269461
20240220,09:00:00,1.369426752
20240220,10:03:00,1.402234637
20240220,11:00:00,1.35078534
20240220,12:00:00,1.401069519
20240220,13:00:00,1.335195531
20240220,14:04:00,1.36416185
20240220,15:00:00,1.398907104
20240220,16:00:00,1.356756757
20240220,17:00:00,1.342541436
20240220,18:00:00,1.306010929
20240220,19:00:00,1.36416185
20240220,20:00:00,1.374193548
20240220,21:00:00,1.409395973
20240220,22:01:00,1.380952381
20240220,23:00:00,1.390728477
20240221,00:00:00,1.372413793
20240214,06:00:00,1.351238635
20240214,07:00:01,1.383538603
20240214,08:00:00,1.349187285
20240214,09:00:00,1.406237075
20240214,10:01:00,1.40776304
20240214,11:00:00,1.403694361
20240214,12:00:00,1.36338561
20240214,13:00:00,1.383350964
20240214,14:19:00,1.385218993
20240214,15:00:00,1.344905778
20240214,16:00:00,1.368363437
20240214,17:03:00,1.374239741
20240214,18:00:00,1.356660983
20240214,19:00:00,1.391143056
20240214,20:00:00,1.351564347
20240214,21:00:00,1.3692049
20240214,22:00:00,1.415210436
20240214,23:00:00,1.391675025
20240215,00:00:00,1.440508312
20240215,06:00:00,1.396248633
20240215,07:00:00,1.368149165
20240215,08:00:00,1.373208423
20240215,09:00:00,1.415900399
20240215,10:00:00,1.447596989
20240215,11:00:00,1.432175116
20240215,12:01:00,1.394908976
20240215,13:01:00,1.434648428
20240215,14:00:00,1.402789818
20240215,15:00:00,1.386130749
20240215,16:05:00,1.413932798
20240215,17:01:00,1.363740545
20240215,18:01:00,1.387519903
20240215,19:00:00,1.331959673
20240215,20:00:00,1.373734202
20240215,21:00:00,1.398045913
20240215,22:00:00,1.432175116
20240215,23:02:00,1.398777117
20240216,00:10:00,1.441149597
20240216,06:01:00,1.372091083
20240216,07:00:00,1.397114021
20240216,08:00:00,1.313155577
20240216,09:00:00,1.354610499
20240216,10:01:00,1.420615062
20240216,11:01:00,1.41790452
20240216,12:00:00,1.378187306
20240216,13:00:00,1.415210436
20240216,14:00:00,1.453278885
20240216,15:00:00,1.378187306
20240216,16:01:00,1.411831719
20240216,17:00:00,1.382159028
20240216,18:00:00,1.40503503
20240216,19:00:00,1.362691508
20240216,20:01:00,1.384901854
20240216,21:02:00,1.396539685
20240216,22:00:00,1.353400561
20240216,23:06:00,1.445753357
20240217,00:03:00,1.469972359
20240217,06:05:00,1.426167065
20240217,07:20:00,1.448312517
20240217,08:00:00,1.457916268
20240217,09:02:00,1.510140134
20240217,10:00:00,1.483339
20240217,11:00:00,1.439822791
20240217,12:00:00,1.419969078
20240217,13:00:00,1.40167708
20240217,14:00:00,1.453978422
20240217,15:00:00,1.456231028
20240217,16:00:00,1.431618673
20240217,17:00:00,1.460973444
20240217,18:00:00,1.435830318
20240217,19:00:00,1.401940561
20240217,20:00:00,1.425770079
20240217,21:00:00,1.392364194
20240217,22:00:00,1.467743292
20240217,23:03:00,1.462268257
20240218,00:00:00,1.42807835
20240218,06:00:00,1.402191734
20240218,07:00:00,1.416569845
20240218,08:00:00,1.431205549
20240218,09:01:00,1.462593839
20240218,10:02:00,1.432392786
20240218,11:00:00,1.430477938
20240218,12:00:00,1.413070906
20240218,13:00:00,1.401748971
20240218,14:00:00,1.417276474
20240218,15:14:00,1.432971169
20240218,16:14:00,1.40465977
20240218,17:00:00,1.402101084
20240218,18:00:00,1.420615062
20240218,19:00:00,1.393226039
20240218,20:00:00,1.417966469
20240218,21:00:00,1.43353974
20240218,22:00:00,1.42568761
20240218,23:00:00,1.444376152
20240219,00:00:00,1.447850568
20240219,06:00:00,1.375220792
20240219,07:00:00,1.427516613
20240219,08:00:00,1.314080526
20240219,09:08:00,1.366272142
20240219,10:05:00,1.411831719
20240219,11:00:00,1.412543385
20240219,12:01:00,1.384292518
20240219,13:00:00,1.410373066
20240219,14:06:00,1.410373066
20240219,15:00:00,1.394074192
20240219,16:00:00,1.393829101
20240219,17:00:00,1.425847963
20240219,18:00:00,1.379020552
20240219,19:00:00,1.370243864
20240219,20:00:00,1.385218993
20240219,21:00:00,1.397229562
20240219,22:00:00,1.399625682
20240219,23:00:00,1.405455
20240220,00:00:00,1.408092289
20240220,06:00:00,1.392043065
20240220,07:12:00,1.408787011
20240220,08:00:00,1.338470093
20240220,09:00:00,1.370243864
20240220,10:00:00,1.401233085
20240220,11:00:00,1.430477938
20240220,12:10:00,1.370243864
20240220,13:03:00,1.396400032
20240220,14:00:00,1.428106437
20240220,15:00:00,1.432722576
20240220,16:05:00,1.413932798
20240220,17:00:00,1.400435871
20240220,18:02:00,1.363059228
20240220,19:00:00,1.330654333
20240220,20:00:00,1.421684778
20240220,21:00:00,1.376220841
20240220,22:00:00,1.431053023
20240220,23:00:00,1.433940681
20240220,00:00:00,1.445302766
20240214,06:01:00,1.357244086
20240214,07:00:00,1.462446464
20240214,08:00:00,1.26341121
20240214,09:00:00,1.313694268
20240214,10:00:00,1.371124527
20240214,11:00:00,1.429618768
20240214,12:10:00,1.312297257
20240214,13:00:00,1.351208698
20240214,14:00:00,1.328587185
20240214,15:00:00,1.360682372
20240214,16:01:00,1.402680035
20240214,17:00:00,1.328888054
20240214,18:00:00,1.682303462
20240214,19:02:00,1.40452095
20240214,20:00:00,1.289788767
20240214,21:00:00,1.308983427
20240214,22:00:00,1.363687592
20240214,23:00:00,1.357252449
20240215,00:00:00,1.403531056
20240215,06:01:00,1.369322664
20240215,07:00:00,1.389854065
20240215,08:00:00,1.483510803
20240215,09:00:00,1.261014889
20240215,10:00:00,1.354285124
20240215,11:00:00,1.434972794
20240215,12:00:00,1.40499321
20240215,13:00:00,1.33895231
20240215,14:01:00,1.357236909
20240215,15:02:00,1.406937481
20240215,16:00:00,1.398776697
20240215,17:00:00,1.355867469
20240215,18:00:00,1.382264188
20240215,19:00:00,1.343327168
20240215,20:00:00,1.337345369
20240215,21:04:00,1.376414324
20240215,22:00:00,1.40446123
20240215,23:00:00,1.390064064
20240216,00:00:00,1.387340518
20240216,06:01:00,1.298629531
20240216,07:00:00,1.364623178
20240216,08:00:00,1.281272156
20240216,09:00:00,1.319539745
20240216,10:00:00,1.360892254
20240216,11:00:00,1.371124527
20240216,12:02:00,1.349116096
20240216,13:00:00,1.356486857
20240216,14:00:00,1.391589072
20240216,15:00:00,1.349657765
20240216,16:01:00,1.442750435
20240216,17:02:00,1.394060919
20240216,18:00:00,1.29181529
20240216,19:00:00,1.388155811
20240216,20:00:00,1.340891748
20240216,21:00:00,1.360544218
20240216,22:00:00,1.358052519
20240216,23:00:00,1.405575644
20240217,00:00:00,1.423554496
20240217,06:00:00,1.373462319
20240217,07:00:00,1.278518682
20240217,08:00:00,1.3547792
20240217,09:00:00,1.358052519
20240217,10:00:00,1.318101933
20240217,11:00:00,1.296743064
20240217,12:05:00,1.305755771
20240217,13:00:00,1.565083214
20240217,14:00:00,1.294971279
20240217,15:01:00,1.328622611
20240217,16:00:00,1.543177803
20240217,17:00:00,1.338536007
20240217,18:00:00,1.357244086
20240217,19:00:00,1.31505628
20240217,20:00:00,1.358917532
20240217,21:00:00,1.374955742
20240217,22:00:00,1.432370361
20240217,23:00:00,1.443081878
20240218,00:00:00,1.411012166
20240218,06:00:00,1.300594891
20240218,07:01:00,1.353801523
20240218,08:00:00,1.353801523
20240218,09:00:00,1.374955742
20240218,10:00:00,1.416263425
20240218,11:00:00,1.389369307
20240218,12:00:00,1.400899343
20240218,13:00:00,1.358917532
20240218,14:00:00,1.366309236
20240218,15:00:00,1.339138102
20240218,16:01:00,1.379231734
20240218,17:00:00,1.406664361
20240218,18:00:00,1.354062187
20240218,19:00:00,1.339336601
20240218,20:03:00,1.363153547
20240218,21:00:00,1.391377045
20240218,22:00:00,1.369054644
20240218,23:00:00,1.404741001
20240219,00:00:00,1.392198671
20240219,06:00:00,1.324539409
20240219,07:00:00,1.372429859
20240219,08:00:00,1.397631495
20240219,09:00:00,1.343947069
20240219,10:00:00,1.364623178
20240219,11:00:00,1.40281576
20240219,12:00:00,1.376293609
20240219,13:00:00,1.394246666
20240219,14:00:00,1.365624667
20240219,15:05:00,1.364623178
20240219,16:01:00,1.36600839
20240219,17:00:00,1.374961232
20240219,18:00:00,1.353654868
20240219,19:00:00,1.318101933
20240219,20:00:00,1.31363785
20240219,21:00:00,1.3547792
20240219,22:01:00,1.409291771
20240219,23:01:00,1.399727487
20240220,00:00:00,1.36256658
20240220,06:09:00,1.359454151
20240220,07:00:00,1.441554372
20240220,08:01:00,1.309257276
20240220,09:00:00,1.313546576
20240220,10:00:00,1.543730765
20240220,11:00:00,1.230645306
20240220,12:01:00,1.289788767
20240220,13:00:00,1.338778042
20240220,14:03:00,1.399770187
20240220,15:00:00,1.411454102
20240220,16:00:00,1.437634299
20240220,17:00:00,1.406599825
20240220,18:00:00,1.365415831
20240220,19:00:00,1.320361362
20240220,20:00:00,1.350159815
20240220,21:00:00,1.361181528
20240220,22:00:00,1.40446123
20240220,23:00:00,1.397348621
20240221,00:00:00,1.403531056
20240214,06:00:00,1.35531768
20240214,07:00:00,1.320408489
20240214,08:00:00,1.499924437
20240214,09:00:00,1.588386682
20240214,10:00:00,1.365048226
20240214,11:00:00,1.364289134
20240214,12:01:00,1.352321685
20240214,13:07:00,1.367689285
20240214,14:05:00,1.397023904
20240214,15:02:00,1.329745132
20240214,16:05:00,1.524553971
20240214,17:00:00,1.53503418
20240214,18:02:00,1.538985746
20240214,19:09:00,1.547765478
20240214,20:00:00,1.567330505
20240214,21:00:00,1.616169192
20240214,22:00:00,1.63734883
20240214,23:00:00,1.62881052
20240215,00:00:00,1.377387189
20240215,06:00:00,1.387065003
20240215,07:01:00,1.584206678
20240215,08:00:00,1.492592049
20240215,09:00:00,1.548435048
20240215,10:00:00,1.353659578
20240215,11:01:00,1.385151179
20240215,12:00:00,1.366142371
20240215,13:01:00,1.39851276
20240215,14:04:00,1.423516165
20240215,15:00:00,1.412172764
20240215,16:22:00,1.693129127
20240215,17:00:00,1.644419981
20240215,18:01:00,1.627049701
20240215,19:00:00,1.616099494
20240215,20:00:00,1.6355513
20240215,21:00:00,1.394519215
20240215,22:00:00,1.393005335
20240215,23:02:00,1.393657021
20240216,00:01:00,1.410895496
20240216,06:00:00,1.389125618
20240216,07:01:00,1.345873196
20240216,08:00:00,1.498937761
20240216,09:00:00,1.347453437
20240216,10:00:00,1.390983744
20240216,11:00:00,1.384543179
20240216,12:09:00,1.350664747
20240216,13:05:00,1.372177353
20240216,14:06:00,1.621754443
20240216,15:02:00,1.398178741
20240216,16:03:00,1.638128623
20240216,17:06:00,1.629519243
20240216,18:00:00,1.601680452
20240216,19:00:00,1.566010308
20240216,20:00:00,1.582420879
20240216,21:00:00,1.356354844
20240216,22:00:00,1.600454952
20240216,23:00:00,1.646167692
20240217,00:00:00,1.405363589
20240217,06:01:00,1.358088362
20240217,07:03:00,1.377470701
20240217,08:01:00,1.311379253
20240217,09:01:00,1.419494933
20240217,10:06:00,1.380418658
20240217,11:01:00,1.622527383
20240217,12:02:00,1.497981993
20240217,13:03:00,1.576188986
20240217,14:03:00,1.643405731
20240217,15:02:00,1.649128318
20240217,16:00:00,1.664876477
20240217,17:10:00,1.669510115
20240217,18:01:00,1.668760798
20240217,19:00:00,1.395173454
20240217,20:00:00,1.40454309
20240217,21:00:00,1.4088781
20240217,22:00:00,1.44174838
20240217,23:00:00,1.620408842
20240218,00:00:00,1.414042287
20240218,06:00:00,1.364351933
20240218,07:01:00,1.366387751
20240218,08:00:00,1.360696964
20240218,09:03:00,1.35997901
20240218,10:01:00,1.329469916
20240218,11:04:00,1.361192995
20240218,12:05:00,1.382868042
20240218,13:00:00,1.38962414
20240218,14:00:00,1.416093171
20240218,15:00:00,1.402737874
20240218,16:00:00,1.418256833
20240218,17:01:00,1.418953469
20240218,18:00:00,1.418256833
20240218,19:00:00,1.418953469
20240218,20:00:00,1.376342253
20240218,21:00:00,1.4088781
20240218,22:01:00,1.385837418
20240218,23:02:00,1.419076702
20240219,00:03:00,1.384190849
20240219,06:03:00,1.390062532
20240219,07:00:00,1.316419339
20240219,08:03:00,1.587035016
20240219,09:01:00,1.377855015
20240219,10:00:00,1.384864496
20240219,11:00:00,1.356117222
20240219,12:03:00,1.352399001
20240219,13:00:00,1.357466063
20240219,14:00:00,1.402737874
20240219,15:00:00,1.425745838
20240219,16:00:00,1.395546621
20240219,17:00:00,1.385744398
20240219,18:00:00,1.618146889
20240219,19:00:00,1.342232654
20240219,20:00:00,1.404939053
20240219,21:00:00,1.382604324
20240219,22:01:00,1.38727808
20240219,23:00:00,1.39058947
20240220,00:03:00,1.434693497
20240220,06:01:00,1.402737874
20240220,07:01:00,1.396901269
20240220,08:38:00,1.51143164
20240220,09:04:00,1.555760937
20240220,10:03:00,1.372911244
20240220,11:00:00,1.365944073
20240220,12:00:00,1.391680841
20240220,13:00:00,1.360315728
20240220,14:00:00,1.418178846
20240220,15:05:00,1.424560244
20240220,16:00:00,1.421723942
20240220,17:05:00,1.651300399
20240220,18:00:00,1.641956492
20240220,19:00:00,1.623956028
20240220,20:00:00,1.377041189
20240220,21:00:00,1.372911244
20240220,22:00:00,1.380489088
20240220,23:00:00,1.371115174
20240221,00:01:00,1.394849785
20240214,06:00:00,1.619957881
20240214,07:00:00,1.420245849
20240214,08:00:00,1.319374731
20240214,09:00:00,1.327877906
20240214,10:00:00,1.39063206
20240214,11:00:00,1.458257382
20240214,12:04:00,1.265102434
20240214,13:00:00,1.440962507
20240214,14:00:00,1.413082925
20240214,15:00:00,1.430598791
20240214,16:00:00,1.454324762
20240214,17:00:00,1.415010646
20240214,18:00:00,1.436342384
20240214,19:00:00,1.421400647
20240214,20:00:00,1.407948672
20240214,21:00:00,1.473103973
20240214,22:00:00,1.4871149
20240214,23:00:00,1.519547954
20240215,00:00:00,1.530505641
20240215,06:00:00,1.482009438
20240215,07:00:00,1.429348632
20240215,08:00:00,1.388396026
20240215,09:00:00,1.387557394
20240215,10:00:00,1.395301118
20240215,11:00:00,1.463426879
20240215,12:00:00,1.43228503
20240215,13:00:00,1.454526632
20240215,14:00:00,1.467452016
20240215,15:00:00,1.453386214
20240215,16:00:00,1.464325149
20240215,17:00:00,1.466765689
20240215,18:02:00,1.629655275
20240215,19:00:00,1.478047031
20240215,20:00:00,1.474437737
20240215,21:00:00,1.529431684
20240215,22:00:00,1.450545171
20240215,23:00:00,1.499181334
20240216,00:00:00,1.533778592
20240216,06:00:00,1.641143861
20240216,07:00:00,1.440536859
20240216,08:00:00,1.466454273
20240216,09:00:00,1.413116621
20240216,10:00:00,1.59004132
20240216,11:00:00,1.668526489
20240216,12:00:00,1.478047031
20240216,13:00:00,1.455449059
20240216,14:00:00,1.460829949
20240216,15:00:00,1.478158928
20240216,16:00:00,1.475610378
20240216,17:00:00,1.453619062
20240216,18:00:00,1.454324762
20240216,19:00:00,1.467800605
20240216,20:02:00,1.459702883
20240216,21:05:00,1.504128982
20240216,22:00:00,1.499213527
20240216,23:00:00,1.490038507
20240217,00:00:00,1.50415239
20240217,06:01:00,1.509463073
20240217,07:01:00,1.51229258
20240217,08:00:00,1.504211793
20240217,09:00:00,1.340913452
20240217,10:00:00,1.674768951
20240217,11:00:00,1.551080498
20240217,12:00:00,1.518228902
20240217,13:00:00,1.491083471
20240217,14:00:00,1.527361319
20240217,15:00:00,1.567207569
20240217,16:00:00,1.577778952
20240217,17:00:00,1.560726447
20240217,18:00:00,1.579536604
20240217,19:00:00,1.554404145
20240217,20:00:00,1.535728193
20240217,21:04:00,1.520848532
20240217,22:00:00,1.744854548
20240217,23:04:00,1.500508647
20240218,00:00:00,1.51309179
20240218,06:00:00,1.496588089
20240218,07:00:00,1.495332659
20240218,08:00:00,1.504387798
20240218,09:00:00,1.478930308
20240218,10:00:00,1.577369998
20240218,11:00:00,1.523654526
20240218,12:00:00,1.53698851
20240218,13:00:00,1.521870591
20240218,14:00:00,1.524390244
20240218,15:01:00,1.509089113
20240218,16:00:00,1.501671254
20240218,17:04:00,1.516498716
20240218,18:00:00,1.534124925
20240218,19:04:00,1.509089113
20240218,20:00:00,1.51658062
20240218,21:00:00,1.509134234
20240218,22:00:00,1.320680884
20240218,23:00:00,1.519851117
20240219,00:00:00,1.480810795
20240219,06:00:00,1.459630499
20240219,07:00:00,1.420521805
20240219,08:00:00,1.470972803
20240219,09:00:00,1.373021159
20240219,10:00:00,1.427136741
20240219,11:00:00,1.456891618
20240219,12:00:00,1.452174732
20240219,13:00:00,1.691594459
20240219,14:00:00,1.462472406
20240219,15:00:00,1.52355919
20240219,16:00:00,1.492074102
20240219,17:02:00,1.499239688
20240219,18:10:00,1.619561766
20240219,19:00:00,1.646807846
20240219,20:00:00,1.480042218
20240219,21:00:00,1.447601258
20240219,22:00:00,1.47882305
20240219,23:00:00,1.481462723
20240220,00:00:00,1.483539216
20240220,06:00:00,1.506652105
20240220,07:01:00,1.447344653
20240220,08:00:00,1.435258788
20240220,09:00:00,1.358377083
20240220,10:00:00,1.416138833
20240220,11:00:00,1.445855716
20240220,12:00:00,1.43228503
20240220,13:00:00,1.476049016
20240220,14:00:00,1.489784336
20240220,15:00:00,1.499236058
20240220,16:00:00,1.480325388
20240220,17:02:00,1.291546243
20240220,18:00:00,1.638256609
20240220,19:00:00,1.466954099
20240220,20:00:00,1.51155898
20240220,21:00:00,1.474510966
20240220,22:00:00,1.293778126
20240220,23:00:00,1.481273025
20240221,00:00:00,1.480583959
20240214,06:04:00,1.41860574
20240214,07:06:00,1.429249968
20240214,08:06:00,1.355991134
20240214,09:01:00,1.521423224
20240214,10:00:00,1.436354631
20240214,11:02:00,1.418786693
20240214,12:00:00,1.455617486
20240214,13:08:00,1.522474625
20240214,14:04:00,1.429271116
20240214,15:07:00,1.546846728
20240214,16:03:00,1.421488264
20240214,17:06:00,1.428347198
20240214,18:01:00,1.42258449
20240214,19:07:00,1.408559113
20240214,20:03:00,1.419041604
20240214,21:01:00,1.442188661
20240214,22:08:00,1.462698007
20240214,23:00:00,1.453719743
20240215,00:00:00,1.463726116
20240215,06:00:00,1.431691913
20240215,07:11:00,1.411460884
20240215,08:03:00,1.550749685
20240215,09:01:00,1.455204798
20240215,10:00:00,1.421759482
20240215,11:14:00,1.450130166
20240215,12:05:00,1.456331596
20240215,13:00:00,1.483332569
20240215,14:03:00,1.565074135
20240215,15:00:00,1.487806007
20240215,16:00:00,1.451317143
20240215,17:00:00,1.475070096
20240215,18:00:00,1.512893746
20240215,19:00:00,1.418921542
20240215,20:01:00,1.403076434
20240215,21:00:00,1.465688135
20240215,22:04:00,1.45999332
20240215,23:00:00,1.452382099
20240216,00:00:00,1.46584652
20240216,06:01:00,1.445156318
20240216,07:12:00,1.404983234
20240216,08:00:00,1.494723139
20240216,09:00:00,1.404890933
20240216,10:01:00,1.409132943
20240216,11:00:00,1.465261771
20240216,12:04:00,1.406104225
20240216,13:00:00,1.404729402
20240216,14:00:00,1.447081348
20240216,15:00:00,1.473200055
20240216,16:04:00,1.442452384
20240216,17:01:00,1.449975834
20240216,18:01:00,1.377012325
20240216,19:01:00,1.35375774
20240216,20:02:00,1.365434514
20240216,21:05:00,1.408325559
20240216,22:04:00,1.419507965
20240216,23:06:00,1.481649755
20240217,00:00:00,1.438691834
20240217,06:00:00,1.522374289
20240217,07:00:00,1.474336549
20240217,08:00:00,1.498080662
20240217,09:00:00,1.549302814
20240217,10:00:00,1.553763175
20240217,11:08:00,1.57319415
20240217,12:07:00,1.572480374
20240217,13:00:00,1.563615593
20240217,14:01:00,1.463534896
20240217,15:18:00,1.519265883
20240217,16:05:00,1.534997013
20240217,17:03:00,1.453168347
20240217,18:01:00,1.516387869
20240217,19:05:00,1.527395021
20240217,20:00:00,1.551228252
20240217,21:00:00,1.553498449
20240217,22:03:00,1.498108944
20240217,23:01:00,1.425932067
20240218,00:03:00,1.498061332
20240218,06:00:00,1.525065691
20240218,07:00:00,1.472883831
20240218,08:05:00,1.466182033
20240218,09:00:00,1.478355299
20240218,10:02:00,1.507971766
20240218,11:00:00,1.564945227
20240218,12:00:00,1.510237669
20240218,13:00:00,1.524879615
20240218,14:00:00,1.52959969
20240218,15:01:00,1.522338932
20240218,16:10:00,1.52731164
20240218,17:00:00,1.502906565
20240218,18:14:00,1.490963133
20240218,19:00:00,1.48862064
20240218,20:03:00,1.471786759
20240218,21:00:00,1.469823716
20240218,22:14:00,1.495653028
20240218,23:00:00,1.485688774
20240219,00:01:00,1.473287365
20240219,06:00:00,1.469823716
20240219,07:07:00,1.472548261
20240219,08:01:00,1.322352152
20240219,09:03:00,1.352075518
20240219,10:07:00,1.397308569
20240219,11:00:00,1.427044837
20240219,12:12:00,1.459353127
20240219,13:13:00,1.454360774
20240219,14:00:00,1.46791556
20240219,15:00:00,1.453935412
20240219,16:00:00,1.454360774
20240219,17:00:00,1.441322465
20240219,18:00:00,1.441852069
20240219,19:12:00,1.419287874
20240219,20:00:00,1.447191428
20240219,21:03:00,1.459607881
20240219,22:00:00,1.471093865
20240219,23:02:00,1.460885957
20240220,00:00:00,1.457988877
20240220,06:00:00,1.391128104
20240220,07:00:00,1.431111497
20240220,08:00:00,1.353425125
20240220,09:00:00,1.408234105
20240220,10:03:00,1.431191019
20240220,11:09:00,1.401718829
20240220,12:00:00,1.446121764
20240220,13:00:00,1.454984289
20240220,14:00:00,1.459353127
20240220,15:14:00,1.453502046
20240220,16:00:00,1.458401611
20240220,17:00:00,1.479565683
20240220,18:00:00,1.467076774
20240220,19:01:00,1.454570523
20240220,20:04:00,1.444615313
20240220,21:00:00,1.461646967
20240220,22:00:00,1.463726116
20240220,23:13:00,1.465676255
20240221,00:00:00,1.460885957
